female,male,greydys
female,male,jazmun
male,female,ritchy
male,female,kobina
male,female,amahri
female,male,prudy
female,male,tamico
female,male,enik
female,male,kerstyn
female,male,sigursk
female,male,douwine
male,female,loulouisa
male,female,mackay
male,female,kennedy
female,male,orit
male,female,autley
male,female,audeliz
male,female,khamisi
male,female,duffie
male,female,finley
male,female,demariae
male,female,wa
male,female,mirlind
female,male,bradi
female,male,niamh
female,male,karrin
female,male,nori
male,female,shireen
female,male,yt
female,male,bethen
male,female,eftenie
female,male,kiwako
male,female,jammey
female,male,britt
male,female,ante
male,female,skippie
female,male,lin
female,male,sherion
female,male,onzell
male,female,josaia
male,female,blynn
male,female,narayana
male,female,alameen
male,female,tralane
male,female,hisashi
male,female,estime
male,female,mackenzie
male,female,raith
male,female,macrae
male,female,kelean
male,female,narcyz
male,female,tambet
female,male,yongmei
female,male,elian
male,female,shaftney
male,female,kanoa
male,female,nykee
male,female,mobley
male,female,yaqeen
male,female,savya
female,male,dorth
male,female,waite
female,male,shenel
female,male,susen
female,male,shannin
female,male,tristyn
male,female,corye
male,female,aniketh
female,male,moll
female,male,willeke
male,female,alexy
female,male,morsal
male,female,isaiyah
male,female,mendie
male,female,smitty
male,female,fernley
female,male,gudveig
male,female,jassiah
female,male,silviaamadon
male,female,xaine
male,female,vience
female,male,harlowe
male,female,anakyn
male,female,vilayat
male,female,kasperi
female,male,sveinds
female,male,moneak
female,male,nirajan
female,male,siranoush
female,male,margerett
male,female,aicke
female,male,roseellen
female,male,unknown
female,male,sheral
male,female,ahmare
female,male,ingileif
male,female,madhubala
female,male,luceal
male,female,nika
male,female,jhonie
male,female,yovanny
male,female,schejla
female,male,nesochi
female,male,aalexus
male,female,aydenn
female,male,candius
male,female,siete
male,female,changbae
female,male,agnus
female,male,eirin
female,male,tonyell
female,male,francys
female,male,thu
female,male,sun
female,male,hahang
female,male,fiep
male,female,deronne
female,male,christean
male,female,kaisyn
female,male,brooke
female,male,urule
female,male,dorether
male,female,maxance
male,female,haa
male,female,kudzie
male,female,javionne
male,female,jackyjacqueline
female,male,beniko
female,male,monteen
male,female,taryll
female,male,ripsi
male,female,eltonia
female,male,rutu
female,male,miamour
female,male,laurren
female,male,wavel
female,male,kess
male,female,derelle
female,male,dolors
female,male,cordy
male,female,beckette
female,male,itzuri
male,female,the
male,female,jamiyl
female,male,guleif
male,female,trance
female,male,nosheen
male,female,dakhari
male,female,yanxia
male,female,vincelle
female,male,emon
female,male,purpose
female,male,jarexi
male,female,hilge
female,male,michelin
male,female,josea
female,male,kyndell
male,female,arrorera
male,female,mariyamascha
female,male,shannel
female,male,tchanavian
male,female,abdolreza
male,female,sareth
female,male,rubby
male,female,garey
female,male,skii
male,female,leundra
female,male,kristveig
male,female,jamelle
female,male,pinelopi
female,male,hyesook
male,female,legary
male,female,bodee
female,male,doddie
male,female,laike
male,female,nima
female,male,queen
female,male,addisun
male,female,lorinza
male,female,iasiah
male,female,yuvi
male,female,axentie
female,male,edelweiss
male,female,spense
female,male,karit
male,female,antyone
female,male,oler
female,male,trillium
female,male,sahar
female,male,birgit
male,female,themba
female,male,alexix
male,female,shuxia
female,male,kerstein
male,female,bahaa
female,male,willowdean
male,female,davontaye
male,female,trelyn
female,male,majestic
female,male,ethelen
female,male,hafso
male,female,therence
female,male,mayren
female,male,gissel
male,female,slade
male,female,keawe
male,female,tette
female,male,shalon
female,male,lorain
female,male,quanique
female,male,debe
male,female,kaikane
male,female,panaite
female,male,glendean
male,female,malosi
female,male,thao
male,female,anndy
female,male,florean
male,female,laanthony
male,female,erwann
female,male,gerburg
female,male,maegen
female,male,maysan
female,male,rosabell
male,female,unai
male,female,jamesly
female,male,wan
female,male,bano
female,male,gwenn
female,male,earmer
female,male,sonchaim
female,male,jaslen
female,male,zohal
male,female,darrie
male,female,akiva
male,female,nechemiah
male,female,timone
male,female,jairali
female,male,nowshin
female,male,hyojin
female,male,fransien
female,male,clem
male,female,malakye
male,female,rawleigh
male,female,antli
female,male,jordis
male,female,avery
female,male,modell
female,male,suzi
female,male,genasis
female,male,megin
female,male,hugborg
male,female,franklyn
female,male,duru
female,male,whysper
female,male,sissel
male,female,tyrance
female,male,suksoon
female,male,keirstin
female,male,solbritt
female,male,meropi
female,male,micel
male,female,basile
male,female,jaziah
male,female,joona
female,male,iyssis
male,female,chikashi
male,female,kionne
female,male,werngard
male,female,mckane
female,male,timiko
male,female,aurlien
female,male,jacklon
female,male,raquael
female,male,moncheri
female,male,geneses
female,male,merrian
male,female,devendra
male,female,hirotada
female,male,bill
female,male,iness
male,female,horea
male,female,jarmane
male,female,lathel
female,male,robbin
male,female,bartly
male,female,jamarley
female,male,katheran
female,male,trinadi
female,male,mehek
male,female,claybourne
male,female,kha
female,male,nutan
female,male,ebony
female,male,gursimar
male,female,mustafah
female,male,shalawn
male,female,castle
female,male,persayis
male,female,dwaine
female,male,lavaun
female,male,ljussi
male,female,ansis
male,female,kailar
female,male,ritu
female,male,sisko
female,male,yitel
female,male,gurnoor
female,male,nurgl
male,female,pasi
male,female,abdourahmane
female,male,storme
female,male,kandis
male,female,zaine
male,female,kervince
female,male,inseon
female,male,kvtue
female,male,marther
female,male,errin
female,male,linhchi
male,female,anthany
male,female,uschiursula
female,male,pheobie
male,female,dionisie
female,male,nurgul
male,female,zackie
female,male,christfriede
female,male,semeko
female,male,goldi
male,female,kiree
male,female,bensley
male,female,jarrette
female,male,yunsuk
male,female,lothaire
female,male,setayesh
female,male,bedar
female,male,quentin
male,female,ausie
male,female,cloyse
female,male,haeun
male,female,jaimaine
female,male,mirjam
female,male,marynel
female,male,jull
male,female,veli
female,male,loore
male,female,saketh
male,female,joesiyah
female,male,barbare
female,male,barby
male,female,nyka
male,female,akida
female,male,torchy
female,male,sooseon
female,male,lingxiao
male,female,habibollah
female,male,sharlan
female,male,cymphonique
female,male,nadell
male,female,asqeri
male,female,karega
female,male,melian
male,female,shivaay
female,male,dorte
female,male,kimberl
female,male,anjail
female,male,paige
female,male,tiffi
male,female,feiya
male,female,mycah
male,female,beloni
male,female,odaliz
female,male,ashantii
male,female,satinath
male,female,antenore
male,female,zecharyah
male,female,achyuth
male,female,matoumba
female,male,nakel
female,male,dynver
female,male,aerwen
male,female,bixia
female,male,yasemin
male,female,serjoscha
male,female,tzvika
female,male,herfriede
male,female,daye
male,female,fatih
male,female,shloma
female,male,ether
female,male,kerttuli
female,male,kurston
male,female,maurrese
female,male,temiko
female,male,riham
female,male,jennfier
female,male,yagmur
female,male,frouk
female,male,yaris
female,male,olatz
female,male,joke
female,male,kirstan
female,male,helis
male,female,ebrima
female,male,ludell
female,male,darnish
male,female,tommythoma
male,female,zackaree
male,female,muta
male,female,antwane
female,male,ebbony
female,male,sagal
female,male,chery
female,male,sanyi
female,male,brookelin
male,female,tyrese
male,female,curly
male,female,simi
female,male,khushi
male,female,timethy
female,male,tellervo
male,female,trae
male,female,hemankshi
female,male,steffy
female,male,jemi
female,male,mge
female,male,nigmet
male,female,geovannie
male,female,demola
male,female,demaree
female,male,dovey
female,male,mukades
female,male,betzhy
female,male,itziar
male,female,terrelle
female,male,yahavit
female,male,plony
female,male,karre
female,male,brisamar
male,female,neddie
male,female,ezera
male,female,welty
female,male,teagen
male,female,ezekial
female,male,joye
female,male,joean
male,female,leopole
male,female,donaldali
female,male,schannon
female,male,eir
female,male,joske
male,female,elayathamby
female,male,tamkio
female,male,mehgan
female,male,hayvin
female,male,aulii
male,female,arsenije
male,female,tirese
male,female,say
male,female,chesley
male,female,kci
female,male,tasmin
male,female,keke
female,male,sigtraud
male,female,dharmendra
male,female,percelle
male,female,wensley
male,female,tjalke
female,male,felisitas
male,female,zhixia
female,male,vildan
female,male,yu
female,male,lil
male,female,dimy
female,male,mercdesz
female,male,rois
female,male,sezin
male,female,hansueli
male,female,vishva
female,male,courney
male,female,morley
female,male,janais
male,female,rasheen
female,male,flame
female,male,willadean
male,female,ibrahima
male,female,lerry
male,female,kensyn
female,male,hildtraud
male,female,pessi
female,male,firoozeh
female,male,maradelaconcepcin
female,male,maryvel
female,male,nezihe
male,female,jesy
male,female,bealle
female,male,shantavious
male,female,olatunde
male,female,kingisaiah
female,male,bircan
female,male,persis
male,female,infinite
female,male,auril
female,male,arwen
female,male,meggi
male,female,tevita
female,male,joly
male,female,subrata
female,male,yaniris
female,male,terumi
male,female,shie
male,female,nyzere
male,female,savatije
male,female,mordechay
female,male,taeler
male,female,jamele
male,female,volodia
female,male,ragnheiur
male,female,tamiya
male,female,tobenna
male,female,jiovanny
female,male,tory
male,female,ordie
female,male,libertad
male,female,kamakana
female,male,dagn
female,male,golnaz
female,male,willer
female,male,uyen
female,male,dathol
male,female,kanhaiya
male,female,tzahi
female,male,heike
male,female,adae
female,male,diahn
female,male,magin
female,male,torfhildur
male,female,cristache
male,female,meelis
female,male,donny
female,male,autum
female,male,juno
female,male,dorri
male,female,kardae
female,male,androniki
female,male,yarenis
female,male,merve
female,male,corlis
female,male,kyungsun
male,female,blaiz
male,female,wietje
female,male,pheobe
female,male,libi
male,female,eli
male,female,dermaine
male,female,tarrance
female,male,yoselin
female,male,hollin
male,female,jayloni
female,male,shariden
female,male,kisuk
female,male,daughn
male,female,ansell
female,male,glenell
male,female,deenyeh
female,male,clotiel
female,male,autymn
female,male,bezawit
female,male,gulli
female,male,jonier
male,female,jadiss
male,female,cleburne
male,female,zacharia
female,male,bridgit
male,female,esiah
female,male,zoeii
female,male,hiroe
female,male,fallon
male,female,stanely
male,female,tangi
male,female,alva
female,male,sophorn
female,male,maider
female,male,jakelin
male,female,swatantra
female,male,tacori
male,female,tunay
male,female,gavynn
male,female,lary
male,female,eliyjah
male,female,kentwaina
female,male,lineariel
male,female,avishay
male,female,yapotta
female,male,sirlis
male,female,demetry
female,male,mariecarmel
female,male,yeonok
male,female,nylin
male,female,nolyn
female,male,sujood
male,female,nisiah
female,male,gller
male,female,anquanne
female,male,laimei
male,female,avdyl
male,female,jaqualyn
male,female,ojani
male,female,kimkimberley
male,female,caide
female,male,tiegan
female,male,dawt
female,male,caitlin
male,female,jacarey
female,male,charvon
male,female,arjuna
female,male,tamaro
male,female,fathi
male,female,tancrde
female,male,bethan
female,male,joemy
female,male,latoyer
female,male,marlus
female,male,adisen
male,female,rahyl
male,female,srini
female,male,ioni
male,female,cotey
male,female,meenke
female,male,rshildur
female,male,dayanis
female,male,shaaron
female,male,rafif
male,female,doratheodora
female,male,zsuzsi
female,male,morningstar
female,male,josenid
female,male,hisako
male,female,jaydenlee
female,male,grith
male,female,rahat
male,female,burdette
male,female,tapojyotee
male,female,gittabrigitta
male,female,kealey
female,male,lealer
female,male,lauri
female,male,averi
male,female,mitsuya
male,female,clearance
female,male,yeongsoon
female,male,lenoir
female,male,stori
female,male,chulaluck
male,female,viknarajah
male,female,armanni
male,female,partenie
male,female,zann
female,male,azur
male,female,yulei
female,male,wum
female,male,zoua
male,female,maximaximiliane
male,female,brahma
male,female,rafferty
male,female,satera
male,female,kelyn
female,male,shaparis
female,male,leaser
male,female,cyrie
male,female,kylin
female,male,tamieko
female,male,jinal
male,female,endy
male,female,dave
female,male,skran
male,female,bradys
male,female,larrame
female,male,addeson
female,male,nelliel
female,male,gun
female,male,carolan
female,male,rushell
female,male,rieky
female,male,colbi
female,male,chudney
male,female,mensah
male,female,geza
male,female,vitalie
female,male,elfgard
female,male,philippe
male,female,sterlyn
female,male,melcar
male,female,ailean
male,female,josha
male,female,oziah
female,male,jorgie
male,female,lrey
female,male,meagon
male,female,jeffie
female,male,haevyn
male,female,luka
female,male,martrud
male,female,dakarai
male,female,reace
male,female,syrekha
male,female,sethe
female,male,grisell
male,female,nihaal
male,female,ziskafranziska
male,female,jodany
female,male,lisan
male,female,shermonne
male,female,timote
female,male,kokomi
female,male,chlo
female,male,moneik
male,female,anghelache
female,male,miiangel
female,male,missouri
male,female,arinze
male,female,vancleve
female,male,tomoye
female,male,ariel
female,male,addysen
male,female,elizjah
female,male,mulki
female,male,plfrur
female,male,josefien
female,male,canvas
male,female,arlice
male,female,jamone
female,male,carin
female,male,gracielagon
female,male,breindel
female,male,glynnis
male,female,wampie
male,female,braedy
male,female,abey
female,male,shonell
male,female,nasere
female,male,gurmit
female,male,kerston
male,female,percey
female,male,brandais
female,male,callison
male,female,galjagalina
female,male,songok
female,male,bogey
male,female,mahadi
female,male,waltrud
male,female,osiah
female,male,jamylex
female,male,shivonni
female,male,rosalynd
male,female,dididiyana
male,female,kiini
male,female,teade
female,male,raquele
female,male,royalte
female,male,voske
female,male,nazym
female,male,naoko
female,male,shaquarius
male,female,hemi
female,male,sveinfrur
female,male,cherl
male,female,shime
female,male,liriel
female,male,dorothe
male,female,cable
male,female,dragisha
female,male,namiko
female,male,brekke
male,female,zyaire
female,male,angelian
female,male,siobhain
male,female,marsanti
male,female,kyungrae
male,female,damonie
male,female,pharoah
male,female,kampe
female,male,carylon
male,female,divy
male,female,asmeret
male,female,juda
male,female,shadley
female,male,daun
female,male,thordis
female,male,lapriel
male,female,sasja
male,female,andrija
female,male,lucarol
female,male,lark
male,female,zacharee
male,female,yueli
male,female,sothea
male,female,davie
male,female,chuka
female,male,hudis
male,female,reima
male,female,brye
male,female,fedja
female,male,hawaii
male,female,diontaye
male,female,kaecyn
male,female,alayn
male,female,renze
female,male,laodai
female,male,karol
female,male,zhoe
female,male,eliso
female,male,maryidres
male,female,pride
male,female,karlmann
male,female,elijha
female,male,dickins
female,male,rmoni
male,female,erle
female,male,goldie
male,female,yinli
male,female,serigne
female,male,mikiyo
male,female,nasire
male,female,nantke
female,male,sufianibinti
male,female,reineke
male,female,omary
male,female,dary
female,male,munawar
male,female,raphy
female,male,chuk
male,female,aty
female,male,casandr
male,female,jeziah
female,male,hyemin
female,male,jess
female,male,riqui
female,male,natashua
female,male,jersei
male,female,advay
male,female,andrae
female,male,ellinor
female,male,svanborg
female,male,eyvone
female,male,fumiko
female,male,ivel
female,male,norhan
male,female,sanaphay
female,male,maibritt
female,male,mayden
male,female,roandy
female,male,bryndal
female,male,jackquelin
female,male,ragad
male,female,learie
male,female,sharone
male,female,jaborie
male,female,madalin
male,female,ladre
male,female,detarsha
female,male,dahabo
female,male,prabhjyot
male,female,amiri
male,female,laylen
female,male,karagen
female,male,igdem
female,male,fuli
female,male,lorde
male,female,yale
female,male,ailed
male,female,clardy
female,male,friedchen
female,male,inger
male,female,fethullah
male,female,lafayett
male,female,jamuti
male,female,mite
male,female,mutee
female,male,winnell
male,female,slave
male,female,jadave
female,male,munachiso
female,male,mikyung
female,male,alexous
male,female,dilly
male,female,sidi
female,male,marjy
female,male,debro
female,male,heavin
male,female,naylen
male,female,nedal
male,female,jaytee
male,female,zhaire
male,female,jeromie
female,male,soon
male,female,shejla
male,female,jeramey
female,male,kother
female,male,efi
female,male,gracesyn
male,female,ravi
female,male,sung
male,female,shubhada
female,male,amarillis
female,male,novis
female,male,tenell
male,female,elguja
female,male,adry
male,female,sekani
female,male,falon
male,female,gaya
male,female,katracy
male,female,jianshi
female,male,eunjin
female,male,tamarin
male,female,ravindra
female,male,mo
male,female,marimria
female,male,zuhal
male,female,tyquese
male,female,kushaiah
female,male,armonii
male,female,viny
female,male,shandal
female,male,leonor
female,male,umi
female,male,adero
male,female,hualei
male,female,stati
female,male,maudrey
female,male,cary
female,male,alexxes
male,female,payne
male,female,tobijah
male,female,sea
female,male,sujei
female,male,kerigan
female,male,storey
male,female,sylvania
female,male,garaitz
male,female,antohny
female,male,selen
female,male,lu
male,female,katekatey
male,female,tremayne
male,female,bakhva
female,male,panagio
female,male,tenneal
male,female,moyosoreoluwa
female,male,heidetraud
male,female,tahjay
female,male,gitel
female,male,liefke
female,male,nekol
male,female,aukusti
female,male,belkis
female,male,rodas
female,male,dulce
male,female,aldene
female,male,jorri
female,male,harjap
male,female,veasna
female,male,riko
male,female,magimargaretha
female,male,clair
male,female,chanmaly
female,male,saham
female,male,pinki
female,male,sigfr
female,male,paylan
male,female,jare
female,male,sookyung
male,female,diegocorreia
female,male,aivo
female,male,franes
male,female,oshay
female,male,sufern
male,female,metodija
male,female,zymire
male,female,covoseya
female,male,maddyson
male,female,lyth
male,female,vertice
female,male,dellar
female,male,pam
male,female,davinci
male,female,almarin
male,female,arya
female,male,kamyl
male,female,zeynulla
male,female,antawune
female,male,kore
male,female,ezana
male,female,musah
male,female,natanii
female,male,amriel
female,male,ardis
male,female,yasuki
male,female,kwashie
female,male,anaum
male,female,izeah
female,male,ilgin
female,male,apu
male,female,treymone
female,male,luitgard
female,male,navjot
female,male,gulzhan
female,male,lillar
male,female,kiry
female,male,onyinyechukwu
female,male,shealan
female,male,olgie
male,female,kathirithamby
female,male,shaun
female,male,auttum
female,male,kyriaki
male,female,kaua
male,female,samuele
female,male,frimy
male,female,mehme
female,male,edelburg
female,male,winslet
female,male,tahreem
male,female,temistocle
female,male,lilac
male,female,isaiha
male,female,alin
female,male,iratxe
female,male,bensu
female,male,rhegan
male,female,deanah
female,male,piedad
male,female,cohutta
male,female,raife
male,female,jaquille
female,male,yume
male,female,selvet
male,female,azaiah
male,female,issey
male,female,raynal
female,male,pariz
female,male,xitlalit
female,male,jyoti
male,female,hargie
female,male,bronwynn
male,female,friedemann
male,female,imteyaz
male,female,chezare
female,male,yuli
female,male,cherron
male,female,dantley
male,female,kona
female,male,beril
female,male,jingxinkristin
female,male,huri
female,male,huong
female,male,jazbel
female,male,ikuko
male,female,jianxia
female,male,feridan
male,female,neville
female,male,cristyn
male,female,keymonie
female,male,esen
female,male,miram
female,male,geneal
male,female,kyrie
female,male,marilis
female,male,lojain
male,female,melky
male,female,zhenjia
female,male,iqlas
male,female,ajibade
female,male,yasuko
female,male,justess
male,female,westlee
male,female,koebe
female,male,gherghit
female,male,rixte
female,male,karimen
female,male,yuitchieng
male,female,llewelyn
male,female,izaeah
male,female,ezariah
female,male,dilsad
male,female,benjamyn
female,male,keauri
female,male,latoy
male,female,jeremiyah
female,male,dongsoon
female,male,gazal
female,male,rei
female,male,berteal
female,male,fei
male,female,osvani
female,male,xhevrije
female,male,maradelconsuelo
female,male,jungsook
female,male,ingeberg
male,female,jaremiah
male,female,sellapha
male,female,leevi
female,male,debby
female,male,hiroyo
female,male,dutchess
male,female,ugljesha
male,female,antwonne
female,male,england
male,female,weiye
male,female,ubaidullah
female,male,caitrin
female,male,meagen
male,female,jadiah
female,male,yin
male,female,boisey
male,female,aketza
male,female,kenith
male,female,aldi
female,male,friedrun
male,female,rodnie
female,male,loriell
male,female,al
male,female,ica
female,male,ercell
female,male,jood
female,male,elfur
male,female,sevryn
female,male,kaytin
male,female,dne
female,male,rhondi
female,male,koti
female,male,elif
male,female,sedale
female,male,marylan
female,male,hoko
male,female,peili
female,male,imogin
male,female,alija
male,female,rinnie
female,male,lakaii
male,female,devontee
female,male,karel
male,female,enrike
male,female,lavarity
female,male,zisel
female,male,kendyll
female,male,janeil
male,female,leray
female,male,tsuyako
female,male,elloween
male,female,kiari
male,female,talke
female,male,merium
male,female,lexly
female,male,kathran
female,male,frederique
male,female,tylre
male,female,aristotele
male,female,wylde
male,female,mickyle
male,female,davionta
female,male,shantrel
male,female,saifullah
female,male,meriam
female,male,allizzon
male,female,ace
female,male,abrihet
male,female,jamesjimmie
female,male,jeffifer
female,male,ijlal
male,female,fathy
female,male,aladrian
female,male,rusudan
female,male,rickki
female,male,mariadaconceio
male,female,lisaelizabeth
female,male,addylan
female,male,rosl
female,male,tahler
female,male,kawaii
female,male,ursel
male,female,nasrallah
male,female,demea
male,female,taffi
female,male,raymell
female,male,miho
male,female,yanda
male,female,lianli
female,male,monserat
male,female,amaurie
female,male,cassandr
female,male,cleaster
male,female,zishe
female,male,jicel
male,female,utajiri
female,male,sude
female,male,zoje
female,male,yi
male,female,melachi
male,female,yasani
male,female,kailai
female,male,daffy
female,male,hanim
male,female,daniyal
female,male,kieu
male,female,laconia
male,female,damoney
male,female,sammie
female,male,portland
female,male,kaitlon
male,female,atlee
male,female,argeniz
female,male,tamiko
female,male,hurain
male,female,vertle
female,male,dureen
male,female,mahieddine
female,male,muril
female,male,karoll
male,female,yandi
female,male,juneau
male,female,selvije
female,male,ljusi
female,male,savitri
male,female,archil
female,male,janic
female,male,ireal
male,female,rhandy
female,male,mjgan
male,female,lancy
female,male,delmi
female,male,teighlor
female,male,lois
male,female,sukjae
male,female,arny
female,male,dylis
female,male,noon
male,female,dhati
male,female,aungsann
male,female,tinechristine
female,male,maayan
male,female,giani
male,female,kwami
male,female,gianmichele
female,male,kavarus
female,male,leighan
male,female,harlesseli
female,male,ashaki
male,female,torionta
female,male,gidget
female,male,xiaotang
male,female,dahe
female,male,rinako
female,male,heiress
male,female,ramzey
female,male,kaisu
female,male,carmon
male,female,akira
female,male,birthel
female,male,mavyn
male,female,sadullah
female,male,brunell
male,female,jindi
male,female,nehimiah
male,female,lyazzat
female,male,friedlenchen
male,female,qadree
male,female,aldyn
female,male,lourd
female,male,arnrur
male,female,altory
male,female,bryse
female,male,surbhi
female,male,caroyn
male,female,buzzy
male,female,jayelin
male,female,fraga
female,male,caribbean
male,female,tillmann
male,female,josemaria
male,female,tylr
male,female,derice
female,male,jasmonique
male,female,caesyn
female,male,zgl
male,female,rinze
male,female,stanleigh
female,male,juhyun
male,female,kray
female,male,gwendoly
male,female,jamonnie
female,male,reighn
male,female,eligah
male,female,garrette
male,female,lesville
female,male,rubab
male,female,dane
male,female,marguise
male,female,wiliah
male,female,navindra
female,male,ailin
male,female,aariz
female,male,reem
male,female,markeys
female,male,eunjoo
female,male,tione
male,female,eathyn
female,male,beesan
female,male,kymori
female,male,chyrell
female,male,audrii
male,female,cheddie
male,female,vladlen
female,male,yenifer
female,male,shanquil
female,male,tanger
male,female,tyde
male,female,kyryn
female,male,veroniki
female,male,saroun
female,male,eather
female,male,kirby
female,male,kristol
male,female,usamah
female,male,odyssey
male,female,levonne
female,male,chihoko
female,male,lapreal
female,male,beki
female,male,elham
male,female,travonne
female,male,quyen
male,female,nehamiah
male,female,hasani
female,male,ruchi
male,female,daihee
female,male,inell
male,female,ecke
male,female,lelaemanuela
male,female,evislandys
female,male,kitten
female,male,dairian
female,male,avrill
male,female,allah
female,male,deett
female,male,mijin
female,male,tram
male,female,srimantha
female,male,maysam
female,male,luxe
female,male,kisten
female,male,wiam
female,male,wivi
female,male,angyl
female,male,starlight
female,male,rhianon
male,female,mende
male,female,salesi
male,female,heie
female,male,kazuyo
female,male,quiriat
female,male,mercedes
female,male,ekram
female,male,shahad
male,female,luckie
female,male,caren
male,female,jeconiah
female,male,halcyon
female,male,jahnell
female,male,idiatu
male,female,fynn
male,female,widaey
male,female,ankit
female,male,simrandeep
female,male,yoshiko
male,female,marique
male,female,ajami
female,male,haechung
female,male,gzide
male,female,brodie
male,female,meziah
female,male,shijo
female,male,zyriel
female,male,gretjen
female,male,harbor
female,male,vonny
female,male,zimal
male,female,azzedine
female,male,mechtildis
female,male,sukumaran
male,female,joshuaa
male,female,salleh
male,female,sergey
male,female,thomaslee
male,female,aike
female,male,tempress
male,female,basri
female,male,audre
female,male,aygul
female,male,merial
female,male,robinn
female,male,gay
male,female,terrane
female,male,rosemonde
male,female,aleksy
male,female,suya
male,female,shawnn
female,male,vyvyan
male,female,mense
female,male,kinsington
male,female,cache
female,male,evening
male,female,sufiani
male,female,barney
female,male,schirin
female,male,haesun
female,male,januari
female,male,sharis
male,female,benety
female,male,soilikki
female,male,carren
female,male,chiziterem
male,female,asaya
male,female,rollyn
male,female,chukwuebuka
female,male,adji
male,female,sanket
male,female,breh
male,female,devlyn
male,female,gairy
male,female,wallice
female,male,ebru
male,female,mikha
female,male,dymonique
female,male,stormi
male,female,ozia
male,female,rice
male,female,deybi
male,female,juriah
female,male,vivian
male,female,sagara
female,male,tomako
female,male,saki
female,male,nic
female,male,rikke
male,female,aranit
female,male,shamorrow
male,female,alireza
female,male,ruey
female,male,manar
male,female,karcsi
female,male,meigan
female,male,lohgan
male,female,sriskantharajah
male,female,bjarne
male,female,sava
male,female,mendeecee
female,male,aeriel
female,male,chauntell
female,male,dieuwke
female,male,millennium
male,female,lawrence
female,male,fajar
female,male,suhur
male,female,manabendra
female,male,tzurty
male,female,najeh
female,male,hadar
female,male,cansas
female,male,anik
female,male,behixhe
male,female,thangarajah
female,male,radegonde
male,female,dyle
male,female,moise
male,female,talis
male,female,dywayne
male,female,ellijah
male,female,domineke
female,male,shell
male,female,fetulla
female,male,olwyn
male,female,access
male,female,alprentice
male,female,josiiah
male,female,roly
female,male,montique
male,female,khaliyl
female,male,sohni
female,male,majel
female,male,ladin
male,female,jeffey
female,male,maidson
female,male,seren
female,male,olyve
female,male,brightyn
female,male,moire
male,female,escalante
female,male,vonni
female,male,frouwktje
male,female,elielisabeth
male,female,zamire
female,male,madolin
male,female,chaske
female,male,megi
male,female,daryell
male,female,traylen
female,male,brooksey
female,male,urvi
male,female,jamoni
male,female,izaha
male,female,alwyn
female,male,merriam
female,male,shanquell
female,male,jetoi
female,male,moneek
female,male,goldy
male,female,lyudalyudmila
female,male,mayim
female,male,miosoti
male,female,erbie
female,male,katayoun
female,male,rauri
female,male,batoul
female,male,phenyx
female,male,noem
female,male,milneg
male,female,llambi
female,male,lurlean
male,female,termayne
female,male,jezell
female,male,alisson
male,female,rushayne
female,male,sherald
female,male,zsi
male,female,ashney
male,female,landynn
male,female,massamba
female,male,myrikal
female,male,dionis
male,female,kyele
female,male,beatrix
male,female,jephthah
female,male,japji
female,male,loxi
female,male,jewl
female,male,jarlfrid
female,male,aoi
male,female,treylyn
female,male,shavion
male,female,ricci
female,male,lexxi
male,female,kenyea
male,female,kenseth
female,male,marinez
female,male,moneque
female,male,layhoon
female,male,rechel
female,male,mineko
female,male,tuire
male,female,avighna
male,female,mustapha
male,female,lavalle
female,male,yasmin
male,female,chezky
male,female,abduallah
female,male,bisharo
female,male,jentry
female,male,gundl
male,female,spence
female,male,poppy
male,female,atallah
female,male,gular
female,male,hajri
female,male,leester
female,male,rochell
male,female,jokejohanna
female,male,selihom
male,female,demarea
male,female,oiva
female,male,anniston
female,male,bryttnii
female,male,akur
male,female,tykese
female,male,zanib
male,female,yirmeyah
male,female,piernicola
female,male,rekik
female,male,nin
female,male,donni
female,male,dominike
female,male,barbel
female,male,arantzazu
female,male,sharo
female,male,sapir
female,male,frimet
female,male,rleif
male,female,khari
male,female,iftimie
female,male,fraidel
male,female,neftali
female,male,sunflower
male,female,markallen
male,female,conlee
male,female,dymielle
female,male,zazil
female,male,alev
male,female,fiachra
female,male,cansu
female,male,margaretjo
female,male,jennafer
male,female,lironnie
female,male,maiken
female,male,winfriede
male,female,konata
male,female,robah
female,male,znur
male,female,dae
male,female,tramayne
female,male,leeuwe
male,female,burnace
male,female,kthekatharina
female,male,senchal
female,male,permin
female,male,demet
female,male,anber
male,female,mychel
female,male,aurel
female,male,loren
male,female,narquise
male,female,clarke
male,female,trayce
male,female,bairbre
male,female,sundiata
male,female,hemmi
male,female,heintje
female,male,rheagan
male,female,hiawatha
female,male,jessell
female,male,journei
female,male,harmeet
male,female,sudhindra
male,female,yasunaga
female,male,glnur
female,male,falan
female,male,frances
male,female,aari
female,male,genises
male,female,addy
female,male,darlis
female,male,jhoselin
male,female,wieke
female,male,childnotnamed
male,female,devonta
female,male,yingting
male,female,damontra
female,male,codi
female,male,wendey
male,female,manville
female,male,dayamin
female,male,crystol
male,female,damonee
male,female,germikqua
male,female,demarquise
female,male,queency
male,female,jakare
female,male,rahmo
male,female,ahijah
female,male,iriel
female,male,marycarmen
male,female,achary
female,male,kaat
female,male,priseis
male,female,schvelle
male,female,issa
male,female,nobuya
female,male,merdis
male,female,yoshimasa
female,male,sylvanas
male,female,olle
male,female,rajai
male,female,jabreale
male,female,kranthi
female,male,crystin
female,male,sehrish
female,male,nagore
female,male,sian
female,male,dew
female,male,sharal
female,male,saduman
female,male,sangsook
male,female,anastase
female,male,dimon
female,male,serpil
female,male,stell
female,male,zonnique
male,female,patpatricia
female,male,kamori
female,male,sesen
male,female,timathy
male,female,dhairya
male,female,brettlee
male,female,jata
female,male,osiyo
female,male,magde
female,male,harpar
female,male,oddlaug
male,female,treyce
female,male,persephoni
female,male,hlds
female,male,vibe
male,female,tasmine
female,male,taeghan
female,male,jazel
female,male,wobke
female,male,hyunjoo
male,female,timothie
male,female,nickey
female,male,addylen
female,male,charmonique
female,male,cassander
male,female,vardie
female,male,keirsten
female,male,rosemarry
female,male,boni
female,male,lael
male,female,aibel
female,male,ambreal
male,female,damilare
female,male,trinell
male,female,jovanni
male,female,myrn
female,male,irmentraud
male,female,heulyn
female,male,sigal
male,female,larrylaurance
female,male,maimu
female,male,veroni
female,male,kaitin
male,female,liekele
female,male,jeilin
male,female,alwie
male,female,yasuhide
female,male,nain
male,female,cordea
female,male,chandlyr
male,female,skapti
male,female,vassily
female,male,bjarnfrur
male,female,jassie
female,male,rutt
female,male,mariadelosangel
male,female,azikiwe
male,female,jalien
female,male,thembi
female,male,maryjoe
female,male,aidel
female,male,gessel
male,female,anay
female,male,paysen
female,male,geet
female,male,tess
male,female,creedence
male,female,coda
female,male,simrat
male,female,trevelle
female,male,lyris
female,male,janiris
male,female,ulyss
male,female,caue
male,female,stearne
female,male,sinath
male,female,harmke
female,male,roopal
female,male,troi
female,male,haviland
male,female,arkady
female,male,shqipe
female,male,gldal
female,male,deawn
female,male,skaii
male,female,alphee
male,female,rapha
female,male,alexas
female,male,niome
female,male,lexxus
male,female,hence
female,male,judi
male,female,seydi
male,female,mische
male,female,volodja
male,female,humera
male,female,kabryn
male,female,yimi
female,male,oddveig
female,male,nanon
male,female,barksdale
female,male,armgard
male,female,zaire
female,male,jaid
male,female,hoskie
female,male,urve
male,female,matvey
female,male,sumire
female,male,rieko
female,male,eilis
female,male,dode
male,female,riece
male,female,khalifa
female,male,liv
female,male,clmente
female,male,rhedyn
male,female,michalis
male,female,ldecke
male,female,vishnusharma
male,female,roddie
female,male,sahri
female,male,jeslin
female,male,deneem
male,female,semajae
female,male,janis
female,male,lauriel
female,male,lorilai
female,male,shamso
female,male,gladi
male,female,montoya
female,male,deridre
male,female,yasel
male,female,arshi
male,female,tanjatatjana
male,female,tieme
female,male,yocelin
female,male,markki
male,female,darney
female,male,tangular
female,male,neethu
female,male,hafren
male,female,aljoscha
female,male,mehret
female,male,doloritas
female,male,avishi
male,female,chuy
male,female,josbanne
male,female,lann
male,female,lkke
male,female,khayri
female,male,nahid
male,female,julijlia
female,male,aroush
male,female,akylie
male,female,amrith
female,male,jacolies
male,female,jollie
female,male,tahis
male,female,mace
female,male,suri
female,male,eillen
male,female,amarendra
female,male,valoy
male,female,cline
female,male,kismet
male,female,urtzi
female,male,hollen
male,female,ibrahimahmedi
male,female,hewlett
male,female,evann
male,female,heije
female,male,rosi
male,female,vestal
female,male,lou
female,male,zeinab
male,female,deontee
male,female,bomani
male,female,ahti
female,male,starquinesh
female,male,heyab
male,female,azahel
female,male,earth
female,male,firdaws
female,male,abygal
male,female,nikema
female,male,ivian
male,female,sylys
male,female,canyn
female,male,chances
female,male,ingeruth
female,male,timari
female,male,ofri
female,male,gerri
male,female,kaldi
male,female,jeffree
female,male,shigeri
female,male,rutvi
female,male,teagin
male,female,tyree
male,female,vassili
male,female,hongya
male,female,carliss
female,male,solash
male,female,alavale
female,male,meagin
male,female,algia
female,male,xitlalic
female,male,darriell
male,female,juhana
female,male,ragni
male,female,iremide
female,male,berrak
female,male,ketrin
male,female,chrisy
male,female,aristotle
male,female,zacharya
male,female,keyante
female,male,chevaun
male,female,wiley
male,female,assane
male,female,mosa
male,female,raffi
female,male,laundyn
female,male,brooxie
female,male,ehrentrudis
male,female,kanagarajah
male,female,tahitoa
female,male,eiliv
female,male,kameal
female,male,chentel
female,male,jazzmun
female,male,golbie
female,male,retage
male,female,khyaire
female,male,charlin
female,male,yaarit
female,male,angelque
female,male,quynhanh
female,male,wenndy
female,male,paycen
female,male,orbjrg
male,female,cyrille
male,female,delany
female,male,diemut
male,female,skylar
female,male,rt
female,male,kabao
female,male,khamil
female,male,sueellen
male,female,jarline
female,male,esmahan
male,female,wah
male,female,clet
male,female,heye
female,male,wren
female,male,nury
female,male,rimi
female,male,delories
female,male,ingalill
female,male,kumari
female,male,jarielis
male,female,chayse
female,male,vernique
male,female,timothyy
male,female,nazere
female,male,vonell
female,male,youngeun
male,female,markishi
female,male,ris
female,male,genesiss
female,male,mehr
male,female,ameil
female,male,takiko
male,female,emri
male,female,hocklee
female,male,jamiezhaoling
female,male,maryland
male,female,ryze
female,male,cleetus
male,female,kaweh
male,female,anibal
female,male,ashaunte
female,male,kaithlin
male,female,johanny
male,female,khani
female,male,anamaris
female,male,kansas
female,male,sumin
female,male,kimako
male,female,zae
female,male,adorne
female,male,adut
female,male,xiadani
female,male,devory
female,male,kimbery
male,female,hervie
female,male,hayvn
female,male,gerharde
female,male,michol
female,male,senem
female,male,levearn
female,male,scarlytt
female,male,grigorit
female,male,meldoy
female,male,dione
male,female,vlade
female,male,hafds
male,female,donley
male,female,sobhie
male,female,kweli
female,male,florabel
male,female,danli
female,male,meshel
female,male,carlyon
male,female,clearnce
female,male,gwenllian
male,female,sirise
male,female,etinosa
female,male,dezeray
male,female,benjee
female,male,umeki
male,female,leondrae
female,male,hdd
male,female,terance
female,male,sigunde
male,female,locryn
male,female,marquiese
male,female,beattie
female,male,dmhildur
female,male,shelby
male,female,nyzaire
female,male,magdalen
male,female,sady
female,male,meghan
male,female,jvonne
female,male,anokhi
male,female,herbie
female,male,jeske
male,female,bently
male,female,hubie
male,female,arthell
female,male,rathgunde
male,female,jeltsje
female,male,wilodean
male,female,teremy
female,male,oumou
male,female,conleth
male,female,hiroya
female,male,havyn
female,male,alyxus
male,female,llyn
female,male,ingund
male,female,zhenyajevgeni
female,male,kyousuke
female,male,rosabel
female,male,pearl
male,female,michelet
male,female,amaziah
female,male,njeri
female,male,angeliq
male,female,yingda
male,female,feliz
male,female,brantlee
female,male,rhildur
male,female,romanye
male,female,stillmann
male,female,huali
female,male,emmari
female,male,gotlind
male,female,giuliani
male,female,trice
male,female,marcquise
female,male,cheng
female,male,jurke
male,female,basel
female,male,burgel
female,male,zelpher
female,male,krystin
male,female,hea
female,male,gerdien
female,male,aprel
female,male,michel
female,male,raegan
female,male,rhapsody
female,male,emmerson
female,male,glizar
female,male,brionni
male,female,hay
female,male,joellen
female,male,elanor
male,female,alyre
male,female,hanzalah
male,female,phani
male,female,rande
female,male,cat
female,male,emperess
male,female,ti
female,male,tonje
male,female,damiane
female,male,klothildis
female,male,trishawn
male,female,wanyae
male,female,wendle
female,male,shynar
female,male,hallel
male,female,traesyn
male,female,khimani
male,female,davaelyn
male,female,mustafa
female,male,sharran
female,male,nurcan
male,female,ryoma
male,female,ratha
female,male,zurii
male,female,adeoluwa
female,male,jisun
female,male,jasmain
female,male,lyndan
female,male,pertef
female,male,jenesis
male,female,blagota
male,female,berkeley
male,female,miclet
female,male,esteller
female,male,solmaz
male,female,judiah
male,female,deune
female,male,reinfriede
male,female,barys
male,female,ascary
female,male,glcan
female,male,keather
female,male,hedit
male,female,yiddy
female,male,esin
female,male,kiyoko
female,male,demii
female,male,yayeko
male,female,tadashi
female,male,zehorit
female,male,damonique
female,male,autumm
male,female,clotaire
female,male,ikuho
male,female,anssi
female,male,delaris
female,male,emori
male,female,minhhoa
female,male,tonii
male,female,randle
male,female,duryea
male,female,alfy
male,female,hsa
male,female,aramys
female,male,dilj
male,female,larnce
female,male,hlmfrur
female,male,shavone
male,female,wresley
female,male,arlowe
female,male,maiko
female,male,ghofran
male,female,tashea
female,male,jonbenet
female,male,reham
male,female,hosie
female,male,soazig
male,female,effiney
male,female,iziah
female,male,joan
female,male,lieu
male,female,siva
female,male,pari
male,female,malimalka
female,male,zissel
female,male,gurneet
male,female,antwaine
female,male,agns
female,male,joury
female,male,nicoar
female,male,khulud
male,female,calebe
male,female,aliaksey
female,male,rosylin
female,male,rikst
male,female,keunta
male,female,ismaele
male,female,turkka
male,female,teli
male,female,lavrenti
female,male,sandre
male,female,sinnarajah
female,male,marish
male,female,tary
female,male,vernadean
male,female,tanny
female,male,winniefred
female,male,ajay
female,male,jorien
male,female,legendary
female,male,krymson
male,female,penisimani
female,male,jovial
female,male,winnifred
male,female,wadley
female,male,hikariko
female,male,crisel
male,female,derrice
female,male,jungim
female,male,oluwaseyifunmi
male,female,lenamagdalena
female,male,sharvon
female,male,mutsumi
male,female,donyea
female,male,jonique
male,female,sidy
male,female,issiah
female,male,persefoni
male,female,osmaidy
female,male,nao
female,male,eibhlin
female,male,mertis
male,female,kriene
male,female,rali
female,male,ixone
female,male,alonii
male,female,taavet
female,male,sien
female,male,arbnore
male,female,eftimie
male,female,clyde
male,female,jeremyah
female,male,vermel
female,male,aishling
male,female,motley
female,male,saiko
female,male,kimmori
male,female,greene
female,male,aoibhnn
female,male,mabyn
male,female,thierry
male,female,kekoa
female,male,brit
male,female,jameen
male,female,jontal
female,male,auri
male,female,jrmie
male,female,lizzieelizabeth
female,male,lan
male,female,yandy
female,male,jordain
male,female,carveth
male,female,subramani
male,female,yandys
male,female,jiaire
female,male,roxey
female,male,genesis
female,male,meeri
male,female,latrale
male,female,elisjah
female,male,tzippy
female,male,haekyung
male,female,tyrelle
female,male,wanell
female,male,russchell
male,female,franciousha
male,female,dessie
female,male,pembe
female,male,damber
male,female,jedadiah
female,male,kiymet
male,female,rylind
female,male,gunnfrur
male,female,kyce
female,male,breyonce
female,male,reigan
male,female,samrath
female,male,rupi
female,male,ethel
male,female,damire
male,female,herley
female,male,pris
male,female,kyale
female,male,jenasis
female,male,seonaid
female,male,astrin
female,male,sonseeahray
female,male,aurian
female,male,fleur
female,male,oshanique
female,male,artemis
male,female,thailen
male,female,keneth
male,female,abdiqani
female,male,merrin
male,female,reha
female,male,deb
female,male,meikun
male,female,obsa
female,male,kursten
male,female,hrachya
male,female,deshea
male,female,shefkija
male,female,bernave
female,male,paitin
female,male,hedi
female,male,bronwen
female,male,anaid
male,female,travelle
male,female,tyronne
male,female,kenaz
male,female,nathanyel
female,male,simren
female,male,jayn
male,female,yuxia
male,female,rane
female,male,valborg
female,male,sharees
female,male,narvell
female,male,mailis
male,female,pandeli
male,female,johane
female,male,jasmen
female,male,khusbu
female,male,shizuyo
male,female,juma
male,female,riccy
male,female,pikne
female,male,melihat
female,male,ashauntae
female,male,ertis
male,female,hisse
female,male,meryem
female,male,yerimar
male,female,diamandi
female,male,queren
male,female,joziah
female,male,lorre
male,female,arvey
female,male,roselin
male,female,dontate
female,male,neeru
male,female,erie
male,female,zollie
male,female,sri
female,male,coro
male,female,tyee
male,female,rarinn
female,male,blessing
male,female,larwrence
female,male,aygun
male,female,margamargareta
male,female,bandi
female,male,krstin
male,female,maruice
female,male,karitas
male,female,lochlainn
male,female,estle
female,male,bijoux
female,male,emeral
female,male,ohmoi
female,male,purvang
female,male,domonike
female,male,setsuko
male,female,marchell
female,male,heathyr
female,male,masiel
female,male,beri
female,male,unborn
female,male,winiferd
male,female,heshy
female,male,kinuyo
female,male,maryangel
male,female,kumayl
female,male,amyrikal
female,male,glsn
male,female,zyonne
female,male,ismigl
male,female,layke
female,male,diamondnique
male,female,coyle
male,female,raza
male,female,nikinicole
male,female,brinley
male,female,antoinne
male,female,ceasare
female,male,shivangi
female,male,brioni
female,male,margueritt
female,male,saadat
female,male,anyston
male,female,altti
female,male,fehrat
male,female,heikki
female,male,mercedies
female,male,kausar
male,female,rafie
female,male,navroop
female,male,drew
female,male,vonceil
female,male,glriz
female,male,erien
female,male,dagheid
male,female,vasa
female,male,gertraud
female,male,sigtrud
male,female,ezayah
female,male,dawniel
male,female,moua
male,female,shashi
female,male,starr
female,male,dsire
male,female,robertlee
female,male,glsevim
male,female,orvalle
male,female,arabinda
female,male,urmil
female,male,govindan
female,male,anunciacin
female,male,ilsedore
male,female,bradynn
male,female,jamey
female,male,hajar
female,male,nadige
male,female,quanzie
female,male,melode
female,male,gislind
male,female,bassey
male,female,lopaz
male,female,aadith
male,female,theadene
male,female,malyki
female,male,hatsu
female,male,aubjrg
female,male,maysoun
female,male,babe
male,female,larance
female,male,abeer
female,male,jo
male,female,rodeny
male,female,merbie
female,male,cit
female,male,gulshen
female,male,jarelin
female,male,soojung
male,female,tavione
male,female,kaikoa
female,male,jenevi
female,male,dommonique
female,male,diedre
male,female,adyn
female,male,guveig
male,female,tajh
female,male,tien
male,female,joriah
male,female,yanli
male,female,ramey
female,male,meerab
male,female,castyn
male,female,deluca
female,male,lerin
male,female,japheth
male,female,alakh
female,male,dganit
male,female,lluka
male,female,aligi
male,female,katsumasa
female,male,dell
male,female,donyae
female,male,toby
male,female,latay
male,female,artturi
male,female,zhenya
female,male,joyful
female,male,einfrid
male,female,zabe
male,female,danquelle
male,female,ahlke
female,male,xiangxi
male,female,bracey
female,male,soudabeh
female,male,ambar
female,male,taiylor
male,female,orice
male,female,niamke
female,male,sarem
female,male,katen
female,male,wenqin
female,male,margon
male,female,tashawnbie
female,male,tempy
female,male,verjean
male,female,hayrani
male,female,devionne
female,male,sanii
female,male,ashantis
female,male,oluwafisayo
male,female,panche
female,male,kristijo
female,male,aubrin
male,female,jarryn
female,male,arlen
male,female,dimani
male,female,sucha
male,female,cordelra
female,male,sharmain
male,female,lowrie
female,male,georgett
female,male,patrician
male,female,arlandis
female,male,sueling
male,female,leovanni
male,female,alekseialjoscha
male,female,petie
male,female,pierri
female,male,thais
female,male,elles
male,female,anke
female,male,muire
male,female,martique
female,male,angelik
male,female,wyatte
female,male,yohko
female,male,batrix
male,female,stphane
female,male,dorles
female,male,wryn
male,female,aldie
male,female,meijia
male,female,neptali
female,male,ivadell
male,female,tykee
female,male,kotoko
female,male,yaneris
male,female,bangaly
female,male,zo
female,male,gretchin
female,male,giouli
female,male,yiming
female,male,dardi
male,female,kendrae
female,male,sjoerdje
male,female,kuba
male,female,davi
female,male,tri
female,male,lanyoung
male,female,sigita
female,male,germain
female,male,andromache
male,female,terrace
female,male,dawsyn
female,male,kikyo
female,male,xiomy
female,male,rivian
female,male,secret
male,female,lekanta
female,male,pakhi
male,female,brandonlee
female,male,pieper
female,male,camaro
female,male,eran
male,female,kthikatharina
female,male,inok
male,female,kaine
male,female,izzet
female,male,burin
male,female,graddie
male,female,atari
male,female,amaje
female,male,sigds
male,female,almat
male,female,calbe
female,male,taffy
female,male,yuko
female,male,nevaen
female,male,rhiannan
female,male,chidumebi
female,male,raneem
female,male,luul
male,female,anupa
male,female,bazile
female,male,xavire
male,female,geordie
male,female,chaquille
male,female,barny
female,male,hermi
male,female,morrise
male,female,luxia
male,female,wasay
female,male,bertraud
female,male,wike
female,male,hannis
male,female,nirmalya
female,male,shunte
male,female,elizha
female,male,fgen
male,female,larrylaurence
male,female,shaune
female,male,hevyn
male,female,chanse
male,female,sape
female,male,taylur
male,female,anferny
male,female,anatoliy
male,female,ai
female,male,biatris
male,female,jermany
male,female,ogilvie
male,female,nebojscha
female,male,domnique
female,male,tarajii
male,female,hansjohann
female,male,priscill
female,male,ezichi
female,male,shirlon
female,male,yifat
female,male,ruby
female,male,viky
male,female,asle
female,male,channon
female,male,banu
female,male,lashown
male,female,zyrese
female,male,genifer
male,female,aydeen
female,male,filsan
female,male,morghan
female,male,ottolien
female,male,wiladean
male,female,wise
female,male,maddisson
male,female,praveen
male,female,everly
female,male,shuntell
male,female,aize
female,male,lf
male,female,elisah
male,female,jeramaine
male,female,jeromi
male,female,javy
female,male,loudell
female,male,semiko
female,male,kloi
male,female,dimitrija
male,female,jesue
female,male,dhamar
male,female,aaidyn
female,male,costic
female,male,sueno
male,female,braxtynn
female,male,aowyn
female,male,promize
female,male,unyque
male,female,drelynn
female,male,sutten
female,male,nou
female,male,natori
male,female,klye
female,male,rheanon
female,male,ou
male,female,chauncee
female,male,rugiatu
female,male,irmgard
male,female,amaure
male,female,afolabi
male,female,chennakesava
male,female,agah
female,male,adneris
female,male,sabirin
female,male,siggerur
female,male,sydnii
male,female,khale
male,female,chialin
male,female,boise
male,female,lochlann
female,male,agni
male,female,lipa
male,female,yeabsira
male,female,babajide
male,female,bega
male,female,lindale
male,female,ugene
male,female,qiya
female,male,argenide
male,female,vincentaye
male,female,dmorea
female,male,shirl
female,male,sakiko
female,male,val
female,male,modean
female,male,mieko
female,male,shallan
male,female,takeshi
male,female,mosiah
male,female,tharyn
female,male,salud
female,male,tommi
female,male,juze
female,male,bristol
female,male,iben
female,male,willodeen
female,male,irish
female,male,anahis
female,male,yuvawn
female,male,laren
female,male,nimrat
male,female,scottie
male,female,ryshide
female,male,shanyk
female,male,anel
male,female,shali
female,male,gwenell
female,male,candis
female,male,mersadez
female,male,medelin
female,male,zury
male,female,itzae
male,female,jabre
male,female,demostene
female,male,teneal
female,male,meridian
female,male,shantae
female,male,jasiman
male,female,megail
male,female,denley
female,male,wibecke
female,male,aureon
female,male,merel
female,male,estellar
female,male,isin
male,female,layn
male,female,dandie
female,male,mishall
male,female,verdale
female,male,kilsoon
female,male,nilam
male,female,nashoba
male,female,chaitali
male,female,karcsikroly
female,male,rayel
male,female,makoa
male,female,rawle
female,male,hedvig
female,male,vawn
male,female,stfane
male,female,spresa
male,female,kacyn
female,male,kyuri
female,male,dories
female,male,charu
female,male,meghen
male,female,aaditya
male,female,laray
male,female,brance
female,male,jasmijn
female,male,lised
male,female,dirtje
male,female,jovanny
female,male,jaoni
female,male,leelu
female,male,greydis
female,male,aysun
female,male,sharaf
male,female,fionnlagh
male,female,jieke
male,female,sadija
female,male,vilds
male,female,keita
female,male,chanin
male,female,kimbel
female,male,susin
female,male,sargun
female,male,xoe
female,male,kiz
female,male,cherylan
female,male,paeyton
male,female,elyja
female,male,syren
male,female,izet
male,female,natija
female,male,krystallo
female,male,shauntay
female,male,sonoo
female,male,denel
male,female,delana
male,female,atte
female,male,teruyo
female,male,chikage
female,male,ismihan
female,male,makiko
female,male,yiran
female,male,yoo
male,female,aminullah
female,male,caoilfhionn
male,female,vence
female,male,sandugash
female,male,buffy
female,male,twiggy
male,female,astley
male,female,yanaki
female,male,kian
female,male,chrisel
female,male,shelon
male,female,hartzel
male,female,josiya
female,male,waunell
female,male,bird
female,male,sahej
female,male,marrin
female,male,fosteen
male,female,ryanlee
male,female,kimkimberly
male,female,chazre
male,female,ulisse
male,female,almonza
male,female,vitaly
female,male,hrrem
female,male,jihan
female,male,kellian
female,male,doreather
male,female,ignacy
female,male,danfrur
male,female,sijtse
female,male,osariemen
male,female,blayke
female,male,nargiz
male,female,asire
male,female,tsubasa
male,female,eracle
male,female,yelisey
female,male,carnation
male,female,deantrae
female,male,gonneke
male,female,natrone
male,female,regie
female,male,betsan
female,male,dinit
male,female,kushagra
male,female,lukely
female,male,gerturde
male,female,aytl
female,male,ingegrd
male,female,hilke
male,female,sadulla
female,male,norean
male,female,early
female,male,cheral
female,male,addisin
female,male,elinor
male,female,crawley
male,female,dayln
male,female,tavary
female,male,kudirat
male,female,jonelle
female,male,muntas
male,female,bwarya
female,male,morrighan
female,male,imogean
male,female,jamarea
female,male,jhori
male,female,mardy
female,male,ibtissem
male,female,jukka
male,female,ebay
male,female,jamine
female,male,gwyne
female,male,rackel
female,male,maricrus
female,male,mabh
male,female,spivey
male,female,yaya
male,female,eelijah
female,male,miche
female,male,tiffaniamber
male,female,azende
male,female,ernesti
female,male,mehriban
male,female,zija
male,female,nikali
male,female,westley
female,male,shalo
male,female,zy
female,male,kiyono
female,male,keish
male,female,findlay
female,male,monserrat
female,male,payten
female,male,ymari
male,female,llewellyn
female,male,joslin
female,male,hyemi
female,male,jezebell
female,male,geryl
male,female,alphy
male,female,kerley
male,female,tyjai
male,female,rahaath
female,male,saylor
female,male,tudy
male,female,aravinda
male,female,blackie
male,female,sankey
male,female,tae
female,male,desting
male,female,rajah
female,male,larken
male,female,cachet
male,female,lindle
female,male,enez
male,female,jakarie
male,female,alphonzia
male,female,kadeyn
female,male,boksil
male,female,denzle
female,male,natash
male,female,caine
female,male,kawther
male,female,jaret
female,male,gudrun
male,female,issaiah
female,male,maaris
female,male,dajonique
female,male,echoe
male,female,jeremie
male,female,mykal
male,female,emzie
female,male,kyrto
female,male,minhthu
female,male,genute
male,female,shloime
female,male,gisle
male,female,stinky
male,female,radojica
female,male,kagome
male,female,willemienwilhelmina
male,female,priestly
female,male,djerid
male,female,battista
female,male,tomeki
male,female,slawa
male,female,altay
female,male,soad
female,male,anuoluwapo
female,male,rether
male,female,akseli
male,female,cochise
female,male,glmser
male,female,ramire
female,male,inass
male,female,sheen
male,female,khalee
female,male,becki
male,female,brezlin
male,female,yerai
male,female,yardley
female,male,meritt
male,female,tarence
female,male,jentri
female,male,sand
male,female,beitske
male,female,kayl
male,female,katikatharina
male,female,ramsey
male,female,dickie
male,female,nethaniah
female,male,nalan
female,male,madysson
male,female,gentle
female,male,odalis
female,male,seiko
male,female,moe
female,male,eylem
female,male,ss
female,male,max
female,male,sojin
female,male,welmoed
male,female,lakshya
female,male,louri
female,male,mlfrid
male,female,taray
male,female,tedie
male,female,tadahisa
female,male,trinchen
male,female,fernie
female,male,maysoon
male,female,oakley
female,male,popi
female,male,jenefer
female,male,cherril
male,female,chanh
male,female,daylin
male,female,jakoda
female,male,maxeen
male,female,bence
male,female,mose
female,male,monce
male,female,jefferie
female,male,mirth
female,male,emonii
female,male,yuming
male,female,giammaria
female,male,margalo
female,male,brengre
male,female,lyal
male,female,archy
male,female,andrey
male,female,quindy
female,male,forough
female,male,emmori
female,male,meiqi
male,female,alagie
female,male,nurul
female,male,ashwaq
male,female,havery
female,male,arianwen
male,female,erice
male,female,kroly
male,female,drayke
female,male,shoran
female,male,reginique
female,male,phalon
male,female,dewitte
female,male,merc
female,male,ayerim
male,female,parswa
male,female,rmann
male,female,zvika
male,female,shlomie
female,male,kendis
female,male,anavel
female,male,camas
female,male,malibu
male,female,syere
male,female,boda
male,female,anselmi
male,female,enzi
male,female,archille
male,female,bide
male,female,ertal
female,male,taygen
female,male,flossi
male,female,berle
male,female,ueli
female,male,reidun
female,male,f
female,male,hopi
female,male,varduhi
male,female,sinasi
male,female,zackee
male,female,dequanta
female,male,airis
male,female,radly
female,male,opal
female,male,korry
male,female,jessee
male,female,caua
female,male,teighan
male,female,renat
female,male,lennan
female,male,rihab
female,male,jenniefer
female,male,cherell
male,female,adhithya
male,female,hezakiah
female,male,edell
male,female,jsiah
female,male,chelby
female,male,lalar
male,female,trkay
female,male,brazil
female,male,evridiki
female,male,zuli
male,female,arath
male,female,masada
male,female,ritchie
male,female,larrry
male,female,yanky
male,female,tomica
male,female,hernni
female,male,jhodi
female,male,kyoungsoon
male,female,loney
male,female,demeatrice
male,female,chastyn
female,male,ivelis
female,male,pomme
female,male,murron
female,male,orlean
male,female,adonay
female,male,minok
female,male,satin
male,female,samere
female,male,yutzil
male,female,selasi
male,female,ervine
male,female,ljudaljudmila
male,female,brandtley
male,female,christophera
female,male,haein
male,female,jediah
female,male,hangsuk
male,female,bladyn
male,female,andele
male,female,azante
female,male,dorreen
male,female,zhenye
male,female,williaa
female,male,memphis
male,female,waddie
female,male,tonantzin
female,male,meraris
male,female,atle
male,female,darnay
female,male,tenneill
male,female,tann
male,female,nesti
female,male,leisl
female,male,meg
female,male,kalii
male,female,obada
female,male,lorry
female,male,jizell
female,male,maridel
male,female,leke
female,male,dnd
female,male,xeni
female,male,brecklin
male,female,eletise
female,male,ragin
female,male,allix
male,female,abdellah
male,female,elioenai
male,female,moctezuma
male,female,miikka
male,female,thayne
male,female,eliuth
female,male,kurstyn
male,female,tolunay
female,male,rahf
female,male,mariadelosang
male,female,zarije
female,male,jayel
male,female,hansi
female,male,xiujing
female,male,megaan
female,male,afsar
male,female,alue
female,male,elanur
male,female,karaka
male,female,kelechi
female,male,heajung
male,female,jontrelle
male,female,zekeria
male,female,looney
male,female,antoni
female,male,raghad
male,female,avdulah
female,male,ajooni
female,male,jacque
male,female,juaristi
female,male,nawal
female,male,brook
female,male,chavone
female,male,tyeast
male,female,grischa
female,male,febe
male,female,motohisa
male,female,dandy
male,female,anicet
male,female,jereny
male,female,santeri
male,female,isae
male,female,alusine
male,female,konley
female,male,heesook
male,female,syliss
male,female,yuta
male,female,helle
male,female,burie
female,male,antigoni
female,male,nafas
male,female,johnnysika
female,male,caitilin
male,female,ezeriah
female,male,yakut
female,male,berfu
female,male,celis
male,female,koosha
female,male,soobin
female,male,ugne
female,male,alfeu
male,female,jousha
male,female,knoxville
female,male,solbjrg
female,male,marlem
female,male,abrial
female,male,soazic
female,male,jazmari
male,female,nathane
female,male,ellington
male,female,jeremyjeremiah
female,male,bergin
female,male,kyonghui
female,male,strn
male,female,artemy
male,female,hays
male,female,tavarice
male,female,owynn
female,male,prue
female,male,nuran
male,female,zackaria
female,male,reidunn
male,female,cleve
male,female,green
female,male,jeneffer
male,female,jeanclaude
female,male,sochi
male,female,imre
female,male,cavidan
female,male,alsion
male,female,lenny
male,female,kaleen
female,male,tandis
male,female,fateen
female,male,xoey
male,female,yona
male,female,hulisi
female,male,imogen
male,female,kurti
male,female,callaway
female,male,persaeus
female,male,ysatis
male,female,lanty
female,male,faun
female,male,wiwi
male,female,kalin
female,male,yeji
female,male,eidel
male,female,hamdija
female,male,punam
female,male,deloras
female,male,kotomi
male,female,tanasie
male,female,claiborne
female,male,razel
female,male,kizmet
male,female,jiri
female,male,jannatul
female,male,youko
male,female,khane
female,male,tayeko
female,male,dalal
male,female,nastjaanastasija
male,female,jevonta
female,male,suruchi
female,male,tuyen
male,female,inacatharina
male,female,sebastia
female,male,vords
male,female,kalyl
female,male,kamarii
female,male,latris
male,female,scotte
female,male,t
female,male,torgun
female,male,jozy
female,male,georjean
female,male,forum
male,female,davey
female,male,payeton
male,female,clancy
female,male,heidelies
male,female,darnett
female,male,gwan
female,male,glfem
female,male,faten
male,female,laddy
female,male,amby
female,male,kolbi
male,female,esmeesmeralda
female,male,yuuko
male,female,fonza
female,male,barbro
male,female,coree
male,female,achintya
female,male,youngok
male,female,ankith
male,female,steve
male,female,erney
female,male,zuhur
female,male,besan
female,male,shafon
male,female,price
female,male,ivadel
female,male,iso
female,male,minjeong
female,male,frouwa
female,male,xoie
male,female,gabygabriele
male,female,vijayarajah
male,female,save
female,male,rahcel
female,male,riin
male,female,herculie
female,male,antoinique
female,male,muazzez
male,female,tevante
male,female,toua
male,female,demonta
female,male,eriyan
female,male,hudsyn
male,female,obinna
female,male,zuzu
female,male,melicent
female,male,special
female,male,vaness
female,male,theofano
male,female,lewayne
female,male,cherub
male,female,gile
female,male,yedid
female,male,wei
male,female,gyula
male,female,jermine
male,female,keneen
female,male,amrutasuresh
male,female,kupaa
female,male,jream
male,female,masashi
female,male,millicent
female,male,soli
female,male,ethil
female,male,trang
male,female,arlind
female,male,peigi
female,male,aadison
female,male,kasmin
male,female,khaidyn
male,female,lyndale
female,male,sigrun
male,female,sota
male,female,zakarya
male,female,tye
male,female,nele
female,male,elen
female,male,mitsuko
female,male,sare
male,female,sakthi
male,female,infantmale
female,male,deidre
female,male,caitin
male,female,lisaelisabeth
male,female,auggie
female,male,mallak
male,female,anze
female,male,gwyn
female,male,lobke
male,female,abdulaye
male,female,kwabena
female,male,kan
female,male,karent
female,male,elysium
male,female,hudie
male,female,cdale
male,female,nemiah
female,male,blithn
female,male,ekco
female,male,jumsoon
female,male,stellar
male,female,michale
female,male,doortje
female,male,sheril
male,female,odema
male,female,alfee
female,male,maygen
male,female,menne
male,female,merdith
male,female,tjisse
female,male,bodil
female,male,conny
female,male,nino
male,female,jerri
female,male,absalat
female,male,itxel
female,male,joane
male,female,chance
female,male,deem
male,female,jeryme
male,female,malique
female,male,yanel
male,female,mustafaa
male,female,vitalis
female,male,cansin
male,female,westleigh
male,female,morimasa
female,male,cariel
female,male,karien
female,male,aiphing
female,male,safold
female,male,bular
female,male,lilou
male,female,berthaberthi
female,male,sonal
male,female,aedyn
male,female,case
male,female,renli
male,female,aviesel
male,female,jamaine
male,female,michee
male,female,jawara
male,female,koldobika
female,male,jeannifer
female,male,marim
male,female,jisiah
female,male,sunyoung
female,male,sajeel
male,female,shah
male,female,heinzhermann
male,female,tnase
male,female,hudeyfa
female,male,marged
male,female,alvery
male,female,are
male,female,markease
female,male,deerdre
female,male,elner
female,male,yasmim
female,male,doray
male,female,pape
male,female,bathel
male,female,anaclet
male,female,zaylin
female,male,skylen
female,male,ressurreio
female,male,lison
female,male,summerlin
female,male,tony
male,female,sanjiva
female,male,michone
male,female,zacharay
female,male,havasxon
male,female,cuma
female,male,meyawn
female,male,isedore
male,female,siarhey
female,male,lfheiur
male,female,yensi
male,female,adynn
female,male,kesar
male,female,seyha
female,male,dagmar
female,male,jonell
female,male,ruchel
male,female,jayace
female,male,isis
male,female,geeke
female,male,irmi
male,female,choya
male,female,montey
female,male,rhonwen
female,male,rwan
male,female,jelle
female,male,vivien
male,female,marsalis
female,male,ong
male,female,renarenate
female,male,florince
male,female,kingsly
female,male,ankur
female,male,padraigin
female,male,rediet
female,male,yessel
female,male,rethel
male,female,novica
male,female,tushee
female,male,shirel
male,female,ioane
male,female,landenn
male,female,jimey
female,male,mescal
male,female,yoshihisa
male,female,yehuda
female,male,aysin
female,male,elenis
male,female,demicah
male,female,athanasie
female,male,addieson
female,male,ebby
female,male,tsuyuko
female,male,almagul
female,male,mariannick
female,male,gerdje
female,male,jantien
female,male,annajo
female,male,luthien
male,female,lys
female,male,siyuri
female,male,brbel
female,male,tayllor
female,male,marysusan
male,female,jahmali
male,female,tomoya
female,male,esteri
male,female,guanglie
male,female,chayce
male,female,chaly
male,female,tatuya
female,male,caran
male,female,barnett
female,male,airam
male,female,tramane
female,male,amadi
male,female,stavya
female,male,kaoru
female,male,corien
female,male,yvor
female,male,ciji
male,female,elye
male,female,noaah
male,female,dwyanne
female,male,opreail
female,male,shron
female,male,alexies
female,male,brigitt
female,male,herdis
male,female,sabbath
male,female,steel
male,female,larcess
male,female,jaisiah
female,male,greidi
male,female,arnaz
female,male,maguy
female,male,heidegunde
female,male,kirbi
female,male,amrin
male,female,usama
female,male,jovey
male,female,lenehelene
female,male,teaghen
female,male,merdell
male,female,shanquille
female,male,jencyn
female,male,rhiannen
male,female,damoni
female,male,wiebke
female,male,kimbler
female,male,shua
female,male,lucerito
female,male,janyl
female,male,einav
female,male,navit
female,male,louren
female,male,daebreon
male,female,eustace
female,male,arim
female,male,siwar
female,male,scheval
male,female,ariat
male,female,josiyah
male,female,obeth
female,male,trix
male,female,sivarajah
female,male,novi
female,male,deirde
female,male,sooji
female,male,adyson
female,male,bindu
female,male,perseis
male,female,kulmene
female,male,kano
female,male,evilo
male,female,khemari
female,male,shawan
male,female,marcal
female,male,shailu
male,female,lorelory
male,female,magimargaret
male,female,hudayfa
female,male,enjoli
male,female,litty
female,male,michou
female,male,donajean
male,female,advija
female,male,torii
male,female,jarelle
female,male,olar
male,female,zhaoda
female,male,chelsei
female,male,manjari
female,male,mariamu
male,female,braxlee
female,male,ayrian
male,female,westly
female,male,xiaowen
female,male,izampo
female,male,lneik
male,female,goree
female,male,hvnn
male,female,osbie
male,female,rashe
female,male,alex
female,male,zohreh
male,female,tshisola
female,male,chiho
female,male,kreszenz
female,male,bibian
female,male,evalou
female,male,marycruz
male,female,ehme
female,male,dayamit
female,male,cherin
female,male,gloriajean
female,male,tanushri
female,male,deonn
male,female,nikia
male,female,filaret
male,female,pamphile
male,female,arvi
male,female,mearle
female,male,xinwei
male,female,carmyne
male,female,tantia
female,male,kerian
male,female,kardale
female,male,lyndel
male,female,natalianatasha
female,male,sundai
female,male,jesslin
female,male,shardi
male,female,yedidya
male,female,eldra
female,male,shouko
male,female,lamontique
male,female,bubba
male,female,adoniah
female,male,trejure
female,male,khrystyn
male,female,iliya
male,female,lawrance
female,male,nicholl
male,female,denzelle
male,female,samarpreet
female,male,sheere
male,female,timitmea
male,female,dididilyana
male,female,lasly
female,male,wiltraud
female,male,seil
female,male,chriss
female,male,yulander
male,female,loye
female,male,gwawr
male,female,markiece
female,male,nadien
female,male,ellengard
female,male,taumi
female,male,patriciajo
female,male,hesper
male,female,nagee
female,male,christian
female,male,alham
male,female,neomiah
female,male,soniageorge
male,female,lapolean
female,male,hauur
female,male,heiur
female,male,slrn
female,male,jazalin
male,female,atsuhisa
female,male,lorrel
female,male,keren
female,male,angelic
female,male,gwendloyn
male,female,tremaine
female,male,xochi
female,male,rigmor
female,male,maryagnes
female,male,estell
female,male,rezan
male,female,demetrise
female,male,friedeborg
female,male,deirdre
female,male,tiiu
male,female,jimmie
male,female,jaymari
male,female,ancelin
male,female,lieselisabeth
male,female,coyote
female,male,edner
female,male,korrin
female,male,arbutis
male,female,shanti
male,female,markeyse
male,female,avante
female,male,lynex
female,male,liubove
male,female,elzie
male,female,dacotah
male,female,giann
female,male,momoko
female,male,maridell
male,female,kaimere
male,female,hudhayfah
male,female,noeh
female,male,rachel
male,female,tyaire
male,female,waynne
male,female,chaily
female,male,dennell
female,male,asul
female,male,greer
male,female,orenthia
male,female,sunitha
male,female,hirendra
male,female,olonta
female,male,chantol
female,male,shanshan
female,male,kaho
male,female,algie
male,female,lemmy
female,male,sharl
male,female,ameire
male,female,evienne
female,male,angil
female,male,almut
female,male,jamerial
female,male,engelgard
female,male,ingibjrg
male,female,martti
female,male,gerryn
male,female,hansijohann
female,male,raypin
male,female,tajai
male,female,pantelie
female,male,richen
female,male,gwindolyn
female,male,bissan
male,female,charlye
male,female,darrlyn
female,male,insun
female,male,beonce
male,female,tyrane
female,male,reannen
female,male,singh
male,female,jentje
male,female,travionne
male,female,mihal
female,male,jhenesis
female,male,bihter
female,male,breckyn
female,male,gunver
male,female,kade
female,male,maribi
male,female,partha
male,female,antwine
male,female,minnawilhelmina
male,female,lonelle
female,male,aizhan
male,female,vannara
female,male,ranu
female,male,marfil
male,female,zechariah
female,male,remedios
female,male,raedawn
female,male,lounell
male,female,nijal
male,female,linapaulina
female,male,ginell
female,male,talar
female,male,jassel
female,male,taniko
female,male,zanari
male,female,fachtna
male,female,nigee
male,female,aashay
female,male,reeghan
female,male,jorry
female,male,arit
female,male,charrell
female,male,donate
female,male,merry
female,male,milahn
male,female,mohamedali
female,male,victory
male,female,weiya
female,male,makpal
female,male,raedyn
female,male,luitgart
male,female,marcoa
male,female,pampamela
male,female,milind
female,male,kirandeep
female,male,leonis
female,male,ivett
female,male,cherry
female,male,kunigunde
male,female,haike
female,male,yooknam
female,male,shizu
male,female,jey
female,male,duffus
female,male,ambert
male,female,leve
female,male,maradelmar
female,male,rim
male,female,akshath
male,female,nurali
female,male,janess
male,female,zykee
female,male,glperi
female,male,jannicke
male,female,xinde
male,female,adonijah
female,male,shaquay
female,male,treshell
female,male,rong
female,male,peyten
female,male,mariamawit
female,male,olufunmilayo
female,male,mein
male,female,traviance
male,female,aumbre
male,female,isaisabelle
male,female,adarryl
female,male,renell
male,female,tamia
male,female,riste
male,female,napalis
male,female,zary
female,male,kayren
female,male,hyonsuk
male,female,anatole
male,female,tevye
female,male,harliquinn
female,male,arwyn
female,male,kalkidan
female,male,eguskie
male,female,vice
male,female,ilja
male,female,sitiveni
female,male,zharick
female,male,yarelii
male,female,bovia
male,female,eikka
female,male,ginte
male,female,jeramie
female,male,myoungok
male,female,arkeia
male,female,sali
female,male,khrysten
male,female,kwabene
male,female,isay
male,female,jamarae
female,male,cholsoon
female,male,raikhan
female,male,hikari
female,male,aarzoo
male,female,yde
female,male,koste
female,male,lucill
male,female,sine
female,male,elaf
female,male,dagrn
male,female,bertaberti
male,female,yalanski
female,male,debony
female,male,seden
male,female,morgann
female,male,kristinejoy
female,male,yomari
male,female,oshae
male,female,teja
male,female,yosvany
female,male,sunem
male,female,wada
female,male,effi
female,male,frur
male,female,tysyn
female,male,versailles
female,male,sumarrs
female,male,yenis
male,female,beasley
female,male,barry
female,male,fitore
female,male,willyt
female,male,friedlies
male,female,mujtaba
male,female,atley
male,female,yashavantha
male,female,armony
female,male,hudy
male,female,stalin
female,male,taigen
female,male,marymichael
male,female,parviele
female,male,doris
female,male,katelund
male,female,takari
female,male,shanquel
female,male,steingerur
male,female,toviyah
male,female,rense
male,female,jarmaine
female,male,nyrobi
female,male,larain
female,male,ilknur
female,male,lorayn
female,male,monicachihsuan
female,male,laiken
male,female,nemea
female,male,dilschad
male,female,daryle
male,female,damariae
male,female,damone
female,male,katlan
female,male,yarisamar
female,male,glorious
female,male,alysan
female,male,auk
female,male,marit
female,male,jordahn
male,female,amiere
male,female,jamyre
female,male,alrun
female,male,peri
male,female,klyde
female,male,zowie
female,male,rosamunde
male,female,searcy
female,male,teniel
male,female,iry
female,male,irelynd
female,male,bergljot
female,male,rozan
male,female,hardie
female,male,domique
female,male,phyllis
female,male,guendolyn
female,male,argyro
female,male,kassandr
female,male,zge
female,male,kendre
male,female,anthime
female,male,shantay
female,male,virjean
female,male,morgan
male,female,jiahe
female,male,annastin
female,male,eider
female,male,mashawn
female,male,boey
female,male,roselore
male,female,yumisani
male,female,tramale
female,male,frederikke
female,male,brookyln
female,male,lorel
male,female,ademola
male,female,bennet
female,male,uranus
female,male,blodwin
female,male,evilin
female,male,adri
female,male,pippin
female,male,hazuko
female,male,taneal
male,female,earnell
male,female,takiby
male,female,aalsteinn
female,male,gertrudes
female,male,shawnic
male,female,jeloni
male,female,leovani
male,female,imann
female,male,raqueal
male,female,shaurya
male,female,peli
female,male,eduvigen
male,female,taniela
male,female,rile
male,female,odalaigh
female,male,addsion
female,male,deloros
female,male,excel
female,male,weichien
female,male,hugrn
female,male,akino
female,male,kristil
female,male,anum
female,male,indigo
male,female,athle
female,male,hildeburg
male,female,katsuhide
male,female,bardhyl
female,male,pihu
male,female,sazali
male,female,baretta
male,female,malkit
male,female,ameet
female,male,harpyr
female,male,tamaki
female,male,gritt
female,male,ingveldur
female,male,taihlor
female,male,purvi
male,female,eliijah
female,male,ninon
male,female,selony
male,female,pathoni
female,male,morghann
male,female,zaheen
female,male,jahnique
male,female,projnabrata
male,female,darealle
female,male,asavari
female,male,evylen
male,female,senecca
female,male,negin
female,male,haidyn
male,female,darionne
female,male,saelor
female,male,jolante
female,male,mekkn
female,male,shamit
female,male,miyoung
female,male,jenal
female,male,adaku
female,male,fien
female,male,adysun
female,male,tarri
female,male,kyrstyn
female,male,yangqian
female,male,rosalin
male,female,khadafy
male,female,shiye
male,female,bry
female,male,katrien
female,male,genet
female,male,malk
female,male,jasvinder
female,male,getrudes
female,male,hjlmfrur
female,male,brigid
male,female,aidyn
female,male,semiramis
female,male,shamauri
female,male,karigan
female,male,rhiain
female,male,madysin
female,male,rayven
male,female,darryal
female,male,reggi
female,male,jaylanis
female,male,methel
female,male,juuli
female,male,carolien
female,male,misook
male,female,yunay
male,female,kendy
female,male,esmer
male,female,jense
male,female,lansun
female,male,wendelien
female,male,halo
female,male,abrish
female,male,chaunte
female,male,marn
female,male,candes
female,male,josylin
female,male,sedef
male,female,burlyn
male,female,donnye
male,female,jaylind
male,female,farley
female,male,orvokki
male,female,dokota
female,male,xochithl
male,female,kiryll
female,male,xiuzi
female,male,ingebjrg
female,male,khirsten
female,male,myrke
female,male,gentri
female,male,sadeem
female,male,susi
male,female,mikalai
male,female,ladarryl
male,female,osmani
female,male,jobey
male,female,garcia
female,male,danyall
male,female,dempsy
female,male,gracean
male,female,valtteri
male,female,gianandrea
female,male,ronny
female,male,radost
female,male,fasilat
female,male,nobu
female,male,tayhlor
male,female,akihisa
female,male,rainbow
male,female,rinn
male,female,lizelizabeth
female,male,paulien
female,male,alexsus
female,male,joud
male,female,jaimyn
female,male,carington
male,female,shirae
male,female,jermayne
male,female,vigita
female,male,oluwalonimi
male,female,sinnathambi
male,female,kadean
female,male,shiffon
male,female,zannie
male,female,yuhanna
female,male,cleo
female,male,ricky
female,male,seras
male,female,gadalia
female,male,epp
female,male,amaranth
male,female,seyidaga
female,male,flornce
female,male,maigen
male,female,welsey
female,male,amo
female,male,lexus
female,male,miriam
male,female,naritaka
male,female,solomone
male,female,lavaine
female,male,pohengkoh
male,female,andretti
female,male,lashun
female,male,sigourney
female,male,dawn
male,female,nathaniell
female,male,cante
female,male,anakaren
male,female,tane
male,female,ilari
female,male,so
male,female,mamtora
male,female,pinckney
male,female,kanye
male,female,trinity
female,male,marielos
female,male,tatevik
male,female,udhaya
female,male,henretter
male,female,sanidhya
male,female,warnie
female,male,tove
female,male,yairis
male,female,henny
male,female,keontaye
male,female,abdolsaleh
male,female,rannie
female,male,chong
female,male,kass
male,female,kanai
male,female,leroni
female,male,yunyi
female,male,saraji
female,male,mandeep
male,female,tjade
male,female,hawkeye
male,female,alexie
female,male,daryian
female,male,jissel
male,female,offie
female,male,jordinn
male,female,camari
female,male,effy
male,female,deunta
female,male,row
female,male,samoan
male,female,dididiana
male,female,abell
male,female,jefrie
female,male,ansgard
female,male,ke
male,female,traverse
male,female,carmelin
female,male,ayten
male,female,srasri
female,male,munachi
male,female,jawari
female,male,shevon
male,female,hary
female,male,cristan
male,female,demandrea
female,male,charnel
female,male,ebonique
female,male,mignon
female,male,glories
female,male,louellen
male,female,kingjosiah
female,male,farand
female,male,paighton
female,male,seyoun
female,male,kindell
male,female,slavey
female,male,hannibal
female,male,cam
male,female,tuvulsiae
female,male,maryury
male,female,tinachristine
male,female,isaiaha
male,female,gabriele
female,male,mariken
male,female,besselizabeth
female,male,tomiko
female,male,finnbjrg
female,male,rozyn
male,female,tarece
female,male,kd
male,female,demajae
female,male,nvard
male,female,kinnie
female,male,torbjrg
male,female,karmine
male,female,jura
male,female,eppie
male,female,nikita
female,male,ardoth
female,male,lujayn
male,female,michaellee
female,male,tarsem
female,male,katharien
female,male,yehudit
female,male,aver
male,female,jamah
female,male,kierstan
female,male,shallon
male,female,stokely
female,male,suyai
female,male,mengchen
female,male,muireall
female,male,adaugo
male,female,martainn
male,female,hasha
female,male,regan
female,male,leksi
female,male,bettejo
female,male,pii
female,male,richel
male,female,schley
male,female,matte
male,female,sindey
male,female,izaiha
female,male,hadel
female,male,etoy
male,female,kinkade
male,female,zeesha
female,male,taeylor
female,male,genell
male,female,chuna
female,male,lorell
male,female,iggie
female,male,doroty
female,male,mengdi
female,male,pypper
female,male,hideko
male,female,orthia
male,female,pressley
male,female,akingmala
female,male,yachen
female,male,jennell
male,female,elkanah
female,male,luell
female,male,gloribel
female,male,jonni
male,female,joshualee
female,male,yensid
male,female,demille
female,male,chelan
male,female,wassily
female,male,millenium
female,male,sveinhildur
male,female,nizaiah
female,male,ioli
female,male,judell
male,female,yamajesty
female,male,misao
female,male,zarai
male,female,otey
male,female,liansy
female,male,mariadorosrio
female,male,suse
female,male,moniq
female,male,sharayu
female,male,allison
male,female,wira
female,male,niobe
male,female,jaymani
male,female,kache
male,female,mahdy
male,female,quamie
female,male,godelind
female,male,zody
female,male,ildiko
male,female,fontana
male,female,anesti
female,male,jessalin
female,male,honey
female,male,anberlin
female,male,tshure
male,female,vahteice
female,male,rayegan
male,female,kerwayne
female,male,october
female,male,heibr
female,male,friedegard
male,female,thornie
male,female,seath
female,male,adysan
male,female,jalani
male,female,berkay
male,female,warne
female,male,robinique
male,female,laramie
female,male,glseven
male,female,lotticharlotte
female,male,nahaven
female,male,chonte
male,female,stasys
male,female,mackendy
male,female,sriharsha
male,female,chueyee
male,female,sharbel
female,male,kt
female,male,roosje
male,female,tylerlee
male,female,rune
male,female,sosaia
female,male,younghwa
male,female,kinta
female,male,janique
female,male,glennis
male,female,hartmann
male,female,arsne
female,male,eri
female,male,toki
male,female,dah
female,male,tymber
male,female,orley
male,female,jerryn
female,male,hyojung
male,female,wenya
male,female,zahi
female,male,vuzhuan
female,male,inken
male,female,elite
male,female,cashmiere
male,female,zebdee
female,male,maquel
male,female,linekaroline
female,male,kainaat
female,male,muskan
male,female,donale
female,male,froney
male,female,rudra
female,male,roxxi
female,male,larin
male,female,kairaba
female,male,siham
female,male,shandrell
female,male,ramkumari
female,male,charry
female,male,ernell
male,female,somosubhra
female,male,margrit
female,male,momo
female,male,allisson
female,male,jacky
female,male,lujean
male,female,sime
female,male,dasanii
female,male,audrei
female,male,nature
female,male,nato
female,male,shacori
male,female,kolay
male,female,cote
male,female,kahne
female,male,cassandry
female,male,sohyun
female,male,lyshon
female,male,gunjan
male,female,dalai
male,female,derly
female,male,shantiel
male,female,larue
male,female,gabigabriele
female,male,dorcas
male,female,iyoley
male,female,verne
female,male,mersaydes
male,female,inn
female,male,josei
female,male,lilliam
female,male,winke
female,male,mellisent
female,male,fang
female,male,brigit
male,female,marquese
female,male,satsuki
female,male,hendel
male,female,zheni
male,female,shaikhah
female,male,monell
male,female,olijah
male,female,ulice
male,female,jumanne
female,male,apriljoy
female,male,dream
male,female,hilry
female,male,hiyab
female,male,desmonique
male,female,hongna
female,male,sondi
female,male,gouri
male,female,nalin
female,male,shaneek
female,male,kum
male,female,sambeet
female,male,toledo
male,female,markee
male,female,zhenyaevgeni
male,female,soane
female,male,nzuri
male,female,aaravreddy
male,female,treigh
male,female,reda
male,female,witali
male,female,peixia
female,male,myar
female,male,yicel
male,female,antal
male,female,karlyle
male,female,ahmere
female,male,nemesis
male,female,kenenna
male,female,ziaire
female,male,shaquell
male,female,shahien
male,female,tziah
female,male,bubbles
male,female,cadarryl
female,male,marshai
female,male,gwenith
female,male,celess
male,female,malchijah
female,male,conzuelo
female,male,norell
female,male,missel
female,male,lushus
female,male,siwan
male,female,rothana
male,female,sylar
male,female,malachy
female,male,one
female,male,devki
female,male,minden
female,male,phyillis
female,male,dolorse
male,female,kunta
female,male,verian
female,male,nashai
female,male,carrin
female,male,rianon
female,male,jahnari
female,male,joydan
male,female,hanshermann
male,female,beijia
male,female,josyah
female,male,clodean
female,male,emiko
female,male,ranit
male,female,mete
male,female,loreeleonore
female,male,aunjel
female,male,inkeri
female,male,ovell
female,male,kierstyn
female,male,dwyn
female,male,sooyong
male,female,kwanze
female,male,saito
male,female,sinue
female,male,wyndsor
male,female,kolya
female,male,dagbjrt
female,male,shadimon
male,female,taye
male,female,elijaha
female,male,ketevan
male,female,evertte
female,male,kikuko
female,male,jenniper
male,female,djula
female,male,reyyan
female,male,deangel
male,female,damajae
male,female,kelveonta
female,male,toontje
female,male,iunn
male,female,reyce
female,male,roxann
female,male,evorn
female,male,keori
male,female,thedy
male,female,bransyn
male,female,calae
male,female,treymaine
male,female,vladymy
female,male,borgny
male,female,arzy
male,female,piedade
female,male,gladyes
female,male,natsuko
female,male,marrij
male,female,rintje
female,male,kulyash
male,female,side
female,male,jaculin
male,female,kunaal
female,male,hailing
female,male,kerttu
female,male,jenan
female,male,crisbel
male,female,jasonlee
male,female,valis
male,female,minjae
female,male,rougui
female,male,yennifer
male,female,keyonne
female,male,audray
female,male,kristien
male,female,zlati
female,male,chris
female,male,markan
female,male,paytin
male,female,chunwa
female,male,duveen
female,male,kristborg
male,female,ojany
female,male,heimtraud
female,male,jackqulin
female,male,icysis
female,male,annemar
female,male,allyzon
male,female,khalifah
female,male,hiromy
male,female,mikhale
male,female,josia
male,female,hamzah
male,female,dola
female,male,sevgi
female,male,phawn
female,male,jarelis
female,male,aranwen
male,female,binali
female,male,spirit
female,male,emke
female,male,peggi
male,female,teal
male,female,wesley
female,male,mahogony
female,male,elixis
female,male,rzsi
female,male,hiyam
female,male,piper
female,male,kierstin
male,female,nathanyal
female,male,noorjahan
female,male,hildegun
female,male,yukiko
male,female,samba
male,female,ashanti
male,female,keyth
male,female,ledra
female,male,marren
female,male,firdes
female,male,cao
female,male,shylo
female,male,naimo
female,male,nozomi
female,male,menyon
male,female,hezikiah
female,male,keliismond
female,male,gesel
female,male,yudi
male,female,chaska
female,male,kawtar
female,male,morghen
male,female,zarchary
female,male,lulubell
male,female,mayne
female,male,ikhlas
male,female,wadee
female,male,suban
male,female,larzie
male,female,lorenzia
male,female,termaine
male,female,winsley
male,female,katekatherine
male,female,yuanli
female,male,lisbed
female,male,toshi
male,female,jeromelee
male,female,java
male,female,caixia
male,female,zaccaria
female,male,diloram
female,male,aigul
female,male,srs
male,female,alfonsa
female,male,stormy
male,female,daragh
male,female,eltje
male,female,marqua
male,female,ledi
female,male,consuelo
female,male,yacquelin
female,male,rocelin
female,male,camori
male,female,reny
female,male,lavren
male,female,sarath
male,female,rickyy
female,male,loxley
male,female,fimmie
male,female,arild
female,male,nayo
female,male,boksoon
female,male,rund
male,female,giovannie
female,male,virgen
female,male,wylodean
male,female,minnawilhelmine
female,male,sister
male,female,takamasa
female,male,rowyn
female,male,meltem
female,male,aeron
female,male,kiroko
female,male,serach
male,female,armani
male,female,wanne
female,male,gowri
male,female,lensy
male,female,jabarrie
male,female,lebrinte
female,male,gunnvr
female,male,allson
male,female,azat
female,male,mairwen
male,female,toshiya
female,male,waver
female,male,kynndal
female,male,vieno
male,female,yuda
female,male,ceason
male,female,dmayne
male,female,nathanel
male,female,chale
female,male,siawn
male,female,dmani
male,female,arys
female,male,brynhildur
male,female,ate
female,male,grindl
male,female,yeshaya
female,male,soheir
female,male,mystery
female,male,ayin
female,male,amour
female,male,rus
female,male,teri
male,female,danlei
female,male,deede
female,male,lusi
male,female,kahanuola
male,female,alexey
female,male,lexsis
male,female,esey
female,male,lovi
male,female,peary
female,male,shyler
male,female,adlar
male,female,lontrelle
female,male,eknoor
male,female,lenn
male,female,devontra
female,male,ki
male,female,sruly
female,male,bengsu
female,male,virg
male,female,landis
female,male,demeter
female,male,suzu
male,female,shanga
male,female,beene
male,female,tavita
female,male,pirjo
female,male,gr
male,female,cale
male,female,trolley
female,male,lametreal
male,female,alique
female,male,riyako
male,female,makade
female,male,syndel
male,female,benoni
female,male,sanem
female,male,joddie
male,female,kamarre
female,male,odesser
male,female,aliriza
female,male,nurit
male,female,josjosephine
female,male,briallen
female,male,ellexus
male,female,karanja
female,male,foelke
female,male,aftin
female,male,ceji
male,female,markiese
female,male,alanis
female,male,jeanel
female,male,edi
male,female,pradyumna
male,female,zackzachary
female,male,maryem
female,male,penelopi
male,female,meltiade
female,male,nahjai
female,male,kiden
female,male,paij
male,female,garie
male,female,maclean
male,female,annaannie
female,male,zendre
female,male,sufi
male,female,jamaire
male,female,atreya
female,male,jaselin
female,male,zoribel
female,male,roos
male,female,izea
female,male,gert
female,male,preethi
female,male,angharad
male,female,morteza
male,female,shande
male,female,lanh
male,female,nilay
female,male,ying
male,female,yevgeni
male,female,keatica
male,female,megale
female,male,annejet
female,male,khouri
female,male,naome
female,male,ingedore
male,female,lundy
female,male,aubrei
female,male,loretto
female,male,minttu
female,male,foltje
male,female,nairne
male,female,cape
female,male,lillis
female,male,attison
female,male,dionni
male,female,anthoine
female,male,thrze
female,male,hellon
male,female,blaide
female,male,sanam
female,male,nichel
male,female,masyn
female,male,volare
male,female,yilei
male,female,joevanni
female,male,amoure
male,female,geani
female,male,brinder
male,female,javonnie
male,female,avanta
male,female,brandale
male,female,jamalie
female,male,lexius
female,male,shinako
male,female,kaare
female,male,geraldil
female,male,rhosyn
female,male,kayton
male,female,dewann
male,female,daire
female,male,aslihan
female,male,dietgard
male,female,dezmyn
male,female,jovanne
female,male,amoret
female,male,wolfgard
male,female,fane
male,female,sumati
male,female,mchale
female,male,velmer
male,female,alojzije
female,male,alannis
male,female,elishah
female,male,ingjerd
male,female,borna
female,male,lashan
male,female,everette
female,male,merrial
female,male,nyangel
male,female,mijat
male,female,anajee
female,male,rhode
male,female,norise
female,male,midge
female,male,insken
male,female,nysaiah
female,male,geneil
female,male,foua
female,male,sarii
female,male,ayak
male,female,mamady
female,male,karon
female,male,luxi
male,female,antionne
male,female,namari
male,female,kadarra
male,female,demitrice
male,female,irvine
female,male,forever
female,male,jocelin
male,female,kareme
female,male,cheerful
male,female,narith
female,male,margeart
female,male,seval
female,male,parwane
female,male,nakhshun
female,male,tenneil
female,male,kherington
male,female,armistice
male,female,bhargava
female,male,millian
female,male,anhthu
female,male,taiwo
male,female,anky
male,female,kamsi
female,male,anan
female,male,nehir
female,male,eunju
male,female,estrada
female,male,jannel
male,female,hosia
male,female,khiryn
male,female,antoney
female,male,beier
female,male,chisom
female,male,jooyoung
male,female,cully
male,female,peirce
female,male,nursel
male,female,kavante
female,male,raen
male,female,taevyn
male,female,hassane
male,female,dilpreet
female,male,alair
female,male,marines
male,female,asadullah
female,male,jenanmohammad
female,male,seral
female,male,audell
male,female,elverly
male,female,joshiah
female,male,grettell
female,male,reaghan
female,male,brittony
female,male,dorith
female,male,abigayil
male,female,branlee
female,male,haesoon
male,female,soly
male,female,renarenata
female,male,richael
female,male,gwili
male,female,mikola
male,female,bisharah
female,male,ceren
female,male,kandas
male,female,bosie
female,male,margert
male,female,tuckie
female,male,koharu
male,female,khary
male,female,hyde
female,male,taitum
male,female,mikyle
female,male,londonn
female,male,joby
female,male,gzin
female,male,genessis
female,male,thanhtruc
male,female,clorence
male,female,bokhee
female,male,nicohle
female,male,adelgund
female,male,dishari
female,male,elin
female,male,hedwig
male,female,adith
female,male,osnat
male,female,chiemerie
male,female,braylin
male,female,ridha
female,male,lourdez
female,male,encarnacin
female,male,madalon
female,male,younsuk
female,male,lilikoi
male,female,vance
male,female,jarquise
male,female,ieme
male,female,eliesel
female,male,nkenge
male,female,kutsi
male,female,emrullah
male,female,makieh
female,male,rhyannon
female,male,charlan
male,female,adedamola
male,female,sukhbani
male,female,dhane
male,female,tromaine
female,male,tamai
female,male,jevtic
female,male,brett
male,female,pany
male,female,enneke
female,male,friderike
female,male,janifer
female,male,logahn
male,female,kaifa
female,male,talim
female,male,favour
female,male,polaris
female,male,deby
female,male,rhiamon
male,female,kandiah
female,male,saudi
male,female,neelendra
female,male,bri
male,female,mahe
male,female,jani
female,male,violar
male,female,keary
female,male,persephone
female,male,millisent
female,male,oradell
female,male,mikiko
female,male,anges
female,male,dot
female,male,chevell
female,male,junmin
female,male,parvin
female,male,misako
female,male,kendahl
male,female,daquona
male,female,bjarmi
female,male,cathlin
female,male,temetrius
male,female,rustie
female,male,yudit
female,male,hearther
female,male,dori
male,female,minkah
female,male,sheil
female,male,friborg
female,male,remas
female,male,yasiris
female,male,enger
female,male,trivian
male,female,kavika
male,female,durville
male,female,teckchye
female,male,lynnel
male,female,lwane
female,male,asrar
male,female,gionata
male,female,sinniah
male,female,shraga
female,male,berit
female,male,loudes
female,male,matyson
female,male,clavon
male,female,neboja
female,male,lariel
male,female,jaylien
female,male,bridgitt
female,male,caroyl
male,female,atanase
female,male,elfgund
male,female,ilke
male,female,yve
male,female,tigh
female,male,marcedes
female,male,bar
male,female,simmie
female,male,reut
female,male,kiffin
female,male,desare
female,male,iriss
female,male,shandiin
male,female,jaboree
male,female,klraklri
female,male,lafon
female,male,annegriet
female,male,joecel
female,male,hildburg
female,male,shauntel
male,female,kenneth
female,male,chiyeko
female,male,blessings
male,female,omee
female,male,sofi
female,male,ginger
male,female,razeen
male,female,ugljescha
female,male,hailo
female,male,atong
female,male,avnoor
male,female,minh
female,male,aniek
male,female,illijah
male,female,nakota
male,female,geary
female,male,gidgett
female,male,shabriel
female,male,boud
female,male,umber
male,female,breen
female,male,sharmel
female,male,charmell
male,female,dany
female,male,dilbar
female,male,em
female,male,winell
female,male,kosisochukwu
